foo, bar
red,blue
yellow,green
one,two
red,blue
dog,cat
purple,green
badger,sky
red,blue
red,blue
red,blue
red,blue
YES,NO
red,green
red,blue
red,blue
ben,fica
red,blue
red,blue
red,blue
Gustaf,NK
red,blue
blueish,blue
red,blue
red,blue
nyx,erebos
Tim,Patterson
red,blue
red,blue
red,blue
red,blue
red,blue
red,blue
red,blue
foo,bar
red,blue
red,blue
red,blue
red,blue
purple,yellow
red,blue
red,blue
red,blue
red,blue
red,blue
red,blue
red,blue
red,blue
red,blue
red,blue
red,blue
red,blue
red,blue
red,blue
red,blue
red,blue
red,blue
red,blue
red,blue
mateo,test
red,blue
red,blue
